{
  "benchmarks": {
    "FrACCO": {
      "documents": {
        "test": 300,
        "validation": 50
      },
      "models": {
        "Density-corrected zero-shot": {
          "test": {
            "span": {
              "f1": 0.41006319883325226,
              "precision": 0.5184388444990781,
              "recall": 0.33916365098512263
            },
            "value": {
              "f1": 0.32036947010209044,
              "precision": 0.40503995082974803,
              "recall": 0.26497788500201047
            }
          },
          "threshold": 0.01,
          "validation_value_f1": 0.3268398268398268
        },
        "Low-density adapted": {
          "test": {
            "span": {
              "f1": 0.6189715745768126,
              "precision": 0.6578411405295316,
              "recall": 0.5844390832328106
            },
            "value": {
              "f1": 0.6145001596933886,
              "precision": 0.6530889341479973,
              "recall": 0.5802171290711701
            }
          },
          "threshold": 0.17,
          "validation_value_f1": 0.6357234314980793
        },
        "Low-density zero-shot": {
          "test": {
            "span": {
              "f1": 0.38784401232600146,
              "precision": 0.4113139508677034,
              "recall": 0.366907921190189
            },
            "value": {
              "f1": 0.2960365529699288,
              "precision": 0.3139508677034032,
              "recall": 0.2800562927221552
            }
          },
          "threshold": 0.01,
          "validation_value_f1": 0.3004754358161648
        },
        "MedGLiNER adapted": {
          "test": {
            "span": {
              "f1": 0.6355140186915889,
              "precision": 0.7115097159940209,
              "recall": 0.5741857659831122
            },
            "value": {
              "f1": 0.6247218513573654,
              "precision": 0.6994270054808172,
              "recall": 0.5644350623240852
            }
          },
          "threshold": 0.24,
          "validation_value_f1": 0.6464579901153213
        },
        "MedGLiNER zero-shot": {
          "test": {
            "span": {
              "f1": 0.4694870834893298,
              "precision": 0.4392294220665499,
              "recall": 0.5042219541616405
            },
            "value": {
              "f1": 0.36746536877573943,
              "precision": 0.3437828371278459,
              "recall": 0.3946521913952553
            }
          },
          "threshold": 0.01,
          "validation_value_f1": 0.38907657657657657
        },
        "gliner-biomed adapted": {
          "test": {
            "span": {
              "f1": 0.8885039837680012,
              "precision": 0.8750365532702993,
              "recall": 0.9023924406915963
            },
            "value": {
              "f1": 0.8672242292274955,
              "precision": 0.8540793449653963,
              "recall": 0.8807800562927222
            }
          },
          "threshold": 0.26,
          "validation_value_f1": 0.8708247117942653
        },
        "gliner-biomed zero-shot": {
          "test": {
            "span": {
              "f1": 0.4154476806903991,
              "precision": 0.3639525213578287,
              "recall": 0.48391636509851227
            },
            "value": {
              "f1": 0.3804962243797196,
              "precision": 0.3333333333333333,
              "recall": 0.4432046642541214
            }
          },
          "threshold": 0.02,
          "validation_value_f1": 0.41514429441355577
        }
      }
    },
    "PARHAF": {
      "documents": {
        "test": 31,
        "validation": 21
      },
      "models": {
        "Density-corrected adapted": {
          "test": {
            "span": {
              "f1": 0.7145299145299145,
              "precision": 0.7206896551724138,
              "recall": 0.7084745762711865
            },
            "value": {
              "f1": 0.6871794871794873,
              "precision": 0.6931034482758621,
              "recall": 0.6813559322033899
            }
          },
          "threshold": 0.3,
          "validation_value_f1": 0.7442922374429224
        },
        "Density-corrected zero-shot": {
          "test": {
            "span": {
              "f1": 0.45152722443559096,
              "precision": 0.37117903930131,
              "recall": 0.576271186440678
            },
            "value": {
              "f1": 0.4116865869853918,
              "precision": 0.3384279475982533,
              "recall": 0.5254237288135594
            }
          },
          "threshold": 0.01,
          "validation_value_f1": 0.47036328871892924
        },
        "Low-density adapted": {
          "test": {
            "span": {
              "f1": 0.6569872958257714,
              "precision": 0.70703125,
              "recall": 0.6135593220338983
            },
            "value": {
              "f1": 0.6533575317604355,
              "precision": 0.703125,
              "recall": 0.6101694915254238
            }
          },
          "threshold": 0.29,
          "validation_value_f1": 0.671264367816092
        },
        "Low-density zero-shot": {
          "test": {
            "span": {
              "f1": 0.32418952618453867,
              "precision": 0.2564102564102564,
              "recall": 0.4406779661016949
            },
            "value": {
              "f1": 0.29925187032418954,
              "precision": 0.23668639053254437,
              "recall": 0.4067796610169492
            }
          },
          "threshold": 0.01,
          "validation_value_f1": 0.3854166666666667
        },
        "MedGLiNER adapted": {
          "test": {
            "span": {
              "f1": 0.7077464788732395,
              "precision": 0.7362637362637363,
              "recall": 0.6813559322033899
            },
            "value": {
              "f1": 0.6830985915492958,
              "precision": 0.7106227106227107,
              "recall": 0.6576271186440678
            }
          },
          "threshold": 0.23,
          "validation_value_f1": 0.7139588100686498
        },
        "MedGLiNER zero-shot": {
          "test": {
            "span": {
              "f1": 0.39055118110236214,
              "precision": 0.36470588235294116,
              "recall": 0.42033898305084744
            },
            "value": {
              "f1": 0.36535433070866147,
              "precision": 0.3411764705882353,
              "recall": 0.39322033898305087
            }
          },
          "threshold": 0.02,
          "validation_value_f1": 0.4439655172413793
        },
        "Qwen3.5-2B adapted": {
          "test": {
            "span": {
              "f1": 0.765151515151515,
              "precision": 0.8669527896995708,
              "recall": 0.6847457627118644
            },
            "value": {
              "f1": 0.7424242424242425,
              "precision": 0.8412017167381974,
              "recall": 0.6644067796610169
            }
          },
          "threshold": 0.7,
          "validation_value_f1": 0.7740384615384616
        },
        "Qwen3.5-9B adapted": {
          "test": {
            "span": {
              "f1": 0.7396226415094339,
              "precision": 0.8340425531914893,
              "recall": 0.6644067796610169
            },
            "value": {
              "f1": 0.7245283018867925,
              "precision": 0.8170212765957446,
              "recall": 0.6508474576271186
            }
          },
          "threshold": 0.7,
          "validation_value_f1": 0.7677261613691932
        },
        "Qwen3.5-9B zero-shot": {
          "test": {
            "span": {
              "f1": 0.7582205029013538,
              "precision": 0.8828828828828829,
              "recall": 0.6644067796610169
            },
            "value": {
              "f1": 0.5918762088974855,
              "precision": 0.6891891891891891,