{
  "experiment": "mlm_control_heldout_float64",
  "description": "CKA baseline: MLM s17 vs MLM s42 (both after 10B+1B decay), held-out data, float64 CKA",
  "data_source": "DiaMED (509 clinical cases) + FrACCO (1301 oncology reports) \u2014 never seen during training",
  "methodology": {
    "n_samples": 500,
    "seeds": [
      42,
      43,
      44
    ],
    "max_seq_len": 512,
    "batch_size": 16,
    "pooling": "mean (attention-masked)",
    "cka_type": "linear",
    "cka_precision": "float64",
    "n_layers": 22,
    "model_dtype": "float16"
  },
  "control": {
    "pair": "MLM_s17_decay vs MLM_s42_decay",
    "model_a": "/lustre/fsn1/projects/rech/rua/uvb79kr/modernbert/hf/final-bio/decay-mlm-final-1B",
    "model_b": "/lustre/fsn1/projects/rech/rua/uvb79kr/modernbert/hf/final-bio/decay-mlm-final-1B-seed42",
    "mean_cka": 0.5028824829279493,
    "mean_divergence_pct": 49.71175170720507,
    "per_layer": {
      "0": {
        "mean": 0.99684184869704,
        "std": 1.6527800169830097e-05,
        "values": [
          0.9968469514308743,
          0.9968195432457794,
          0.996859051414466
        ]
      },
      "1": {
        "mean": 0.9890997958464259,
        "std": 0.00048669821090451486,
        "values": [
          0.9893120331312231,
          0.9884266417342787,
          0.9895607126737758
        ]
      },
      "2": {
        "mean": 0.98877274580733,
        "std": 0.00024324213087837084,
        "values": [
          0.9884479440785177,
          0.9888370244058035,
          0.9890332689376689
        ]
      },
      "3": {
        "mean": 0.9807082551865256,
        "std": 0.00017356811513564497,
        "values": [
          0.9806167592868066,
          0.9805567464225867,
          0.9809512598501836
        ]
      },
      "4": {
        "mean": 0.9782753105178591,
        "std": 0.00034971580005853034,
        "values": [
          0.9784692584509115,
          0.9785723414506229,
          0.9777843316520431
        ]
      },
      "5": {
        "mean": 0.9808734797327517,
        "std": 0.0003865114533842293,
        "values": [
          0.9812662869856584,
          0.9810062622268196,
          0.9803478899857774
        ]
      },
      "6": {
        "mean": 0.9814879512323813,
        "std": 0.0002619755898371936,
        "values": [
          0.9813869298211694,
          0.9818471572900148,
          0.9812297665859598
        ]
      },
      "7": {
        "mean": 0.9784308596707086,
        "std": 0.00013408222494961175,
        "values": [
          0.9785397861381286,
          0.9785108149368144,
          0.9782419779371829
        ]
      },
      "8": {
        "mean": 0.3951128672089593,
        "std": 0.015232611818830321,
        "values": [
          0.4150171342186207,
          0.3780253423104605,
          0.3922961250977969
        ]
      },
      "9": {
        "mean": 0.4275409431534026,
        "std": 0.014939950403422933,
        "values": [
          0.4474734235883832,
          0.41150631395143367,
          0.42364309192039085
        ]
      },
      "10": {
        "mean": 0.30827665462772974,
        "std": 0.006584584325833312,
        "values": [
          0.3142452019129115,
          0.29910227124504324,
          0.3114824907252345
        ]
      },
      "11": {
        "mean": 0.3086742008018078,
        "std": 0.006543755928897722,
        "values": [
          0.3145480901741679,
          0.2995441809331007,
          0.3119303312981548
        ]
      },
      "12": {
        "mean": 0.3129827434807455,
        "std": 0.006577617418777404,
        "values": [
          0.31946951190343587,
          0.3039653699262775,
          0.3155133486125232
        ]
      },
      "13": {
        "mean": 0.3141104555624333,
        "std": 0.006804136318602803,
        "values": [
          0.3209863756114665,
          0.30484277005787286,
          0.31650222101796044
        ]
      },
      "14": {
        "mean": 0.31556787845679857,
        "std": 0.006743629172746148,
        "values": [
          0.32217384314507375,
          0.306307906559857,
          0.3182218856654649
        ]
      },
      "15": {
        "mean": 0.10887477032023563,
        "std": 0.013380121271419543,
        "values": [
          0.12312582164232873,
          0.11252988100488508,
          0.09096860831349306
        ]
      },
      "16": {
        "mean": 0.11131431513839518,
        "std": 0.013276657129442867,
        "values": [
          0.1252561477923593,
          0.11523483643395976,
          0.0934519611888665
        ]
      },
      "17": {
        "mean": 0.11250909090176812,
        "std": 0.01461378403673458,
        "values": [
          0.1284183215258858,
          0.1159788491620306,
          0.09313010201738792
        ]
      },
      "18": {
        "mean": 0.11489750136065202,
        "std": 0.013494181295700606,
        "values": [
          0.12812283850999912,
          0.12019941361059958,
          0.09637025196135737
        ]
      },
      "19": {
        "mean": 0.11626567355942997,
        "std": 0.013359117835635287,
        "values": [
          0.1290772491595856,
          0.12188472222396599,
          0.09783504929473835
        ]
      },
      "20": {
        "mean": 0.1201534301368648,
        "std": 0.015723056898586562,
        "values": [
          0.1372352120627573,
          0.1239406096649352,
          0.09928446868290192
        ]
      },
      "21": {
        "mean": 0.12264385301463787,
        "std": 0.014935850922459403,
        "values": [
          0.13833179188550476,
          0.12704879759861265,
          0.10255096955979623
        ]
      }
    }
  },
  "reference": {
    "pair": "CLM_decay vs MLM_decay",
    "model_a": "/lustre/fsn1/projects/rech/rua/uvb79kr/modernbert/hf/final-bio/decay-clm-final-1B",
    "model_b": "/lustre/fsn1/projects/rech/rua/uvb79kr/modernbert/hf/final-bio/decay-mlm-final-1B",
    "mean_cka": 0.3786822654150409,
    "mean_divergence_pct": 62.13177345849591,
    "per_layer": {
      "0": {
        "mean": 0.859857213373813,
        "std": 0.00556612156592643,
        "values": [
          0.8629333701593723,
          0.864594125698397,
          0.8520441442636697
        ]
      },
      "1": {
        "mean": 0.822788797257432,
        "std": 0.003549071355000717,
        "values": [
          0.8235620973768731,
          0.8266969541105171,
          0.8181073402849056
        ]
      },
      "2": {
        "mean": 0.7965342638772314,
        "std": 0.0031269527940401276,
        "values": [
          0.7927365689857566,
          0.8003952239083427,
          0.7964709987375945
        ]
      },
      "3": {
        "mean": 0.8237242900367244,
        "std": 0.002179557723037594,
        "values": [
          0.821930190694052,
          0.8267919648400321,
          0.8224507145760893
        ]
      },
      "4": {
        "mean": 0.8514563634585114,
        "std": 0.0018937919593652235,
        "values": [
          0.8494258041573163,
          0.8539840232436261,
          0.8509592629745919
        ]
      },
      "5": {
        "mean": 0.8641567109437531,
        "std": 0.0033445556668139646,
        "values": [
          0.860080369404203,
          0.8682725387237995,
          0.8641172247032571
        ]
      },
      "6": {
        "mean": 0.8824054274415781,
        "std": 0.0024353936623558348,
        "values": [
          0.8814442812107806,
          0.8857502390034462,
          0.8800217621105079
        ]
      },
      "7": {
        "mean": 0.8995665076617144,
        "std": 0.0035963022272738378,
        "values": [
          0.8993702179021709,
          0.9040659236434028,
          0.8952633814395696
        ]
      },
      "8": {
        "mean": 0.2982024944594517,
        "std": 0.017796467527792032,
        "values": [
          0.30431495485770926,
          0.31628981541928,
          0.27400271310136587
        ]
      },